Matchup,Team,Manager,Slot,Player,Pos,Projected,Actual
ValKilmersComeback vs tacocats,ValKilmersComeback,Mockstar,Starter,J. Allen,QB - BUF,21.27,40.66
ValKilmersComeback vs tacocats,tacocats,ben_g,Starter,B. Purdy,QB - SF,21.01,27.1
ValKilmersComeback vs tacocats,ValKilmersComeback,Mockstar,Starter,J. Taylor,RB - IND,17.01,23.6
ValKilmersComeback vs tacocats,tacocats,ben_g,Starter,J. Gibbs,RB - DET,19.6,32.1
ValKilmersComeback vs tacocats,ValKilmersComeback,Mockstar,Starter,R. Dowdle,RB - PIT,11.2,3.1
ValKilmersComeback vs tacocats,tacocats,ben_g,Starter,Q. Judkins,RB - CLE,9.82,6.0
ValKilmersComeback vs tacocats,ValKilmersComeback,Mockstar,Starter,D. Adams,WR - LAR,10.57,4.1
ValKilmersComeback vs tacocats,tacocats,ben_g,Starter,L. Burden,WR - CHI,10.74,7.0
ValKilmersComeback vs tacocats,ValKilmersComeback,Mockstar,Starter,D. Samuel,WR - SF,8.35,18.7
ValKilmersComeback vs tacocats,tacocats,ben_g,Starter,J. Downs,WR - IND,9.96,4.7
ValKilmersComeback vs tacocats,ValKilmersComeback,Mockstar,Starter,D. Metcalf,WR - PIT,9.64,6.0
ValKilmersComeback vs tacocats,tacocats,ben_g,Starter,L. McConkey,WR - LAC,10.95,16.7
ValKilmersComeback vs tacocats,ValKilmersComeback,Mockstar,Starter,C. Sutton,WR - DEN,8.47,2.1
ValKilmersComeback vs tacocats,tacocats,ben_g,Starter,C. Rodriguez,RB - JAX,7.24,2.3
ValKilmersComeback vs tacocats,ValKilmersComeback,Mockstar,Starter,SEA,DEF - SEA,8.99,13.0
ValKilmersComeback vs tacocats,tacocats,ben_g,Starter,LAC,DEF - LAC,9.07,-0.6
ValKilmersComeback vs tacocats,ValKilmersComeback,Mockstar,Bench,K. Murray,QB - MIN,20.34,-0.38
ValKilmersComeback vs tacocats,tacocats,ben_g,Bench,M. Willis,QB - MIA,17.07,15.7
ValKilmersComeback vs tacocats,ValKilmersComeback,Mockstar,Bench,W. Marks,RB - HOU,8.12,8.4
ValKilmersComeback vs tacocats,tacocats,ben_g,Bench,K. Johnson,RB - GB,2.8,2.6
ValKilmersComeback vs tacocats,ValKilmersComeback,Mockstar,Bench,D. Boston,WR - CLE,5.72,13.9
ValKilmersComeback vs tacocats,tacocats,ben_g,Bench,M. Lemon,WR - PHI,5.52,1.0
ValKilmersComeback vs tacocats,ValKilmersComeback,Mockstar,Bench,J. Meyers,WR - JAX,8.43,11.2
ValKilmersComeback vs tacocats,tacocats,ben_g,Bench,C. Allen,WR - KC,1.1,0.0
ValKilmersComeback vs tacocats,ValKilmersComeback,Mockstar,Bench,J. Jennings,WR - MIN,6.95,0.0
ValKilmersComeback vs tacocats,tacocats,ben_g,Bench,G. Kittle,TE - SF,8.16,2.2
Cheeky Nando's vs Girthenheimer,Cheeky Nando's,aCaps,Starter,J. Burrow,QB - CIN,24.82,16.16
Cheeky Nando's vs Girthenheimer,Girthenheimer,Breadsticks310,Starter,C. Williams,QB - CHI,20.38,41.26
Cheeky Nando's vs Girthenheimer,Cheeky Nando's,aCaps,Starter,D. Swift,RB - CHI,12.25,32.9
Cheeky Nando's vs Girthenheimer,Girthenheimer,Breadsticks310,Starter,B. Hall,RB - NYJ,14.29,19.8
Cheeky Nando's vs Girthenheimer,Cheeky Nando's,aCaps,Starter,R. Stevenson,RB - NE,14.87,12.0
Cheeky Nando's vs Girthenheimer,Girthenheimer,Breadsticks310,Starter,O. Hampton,RB - LAC,14.04,8.3
Cheeky Nando's vs Girthenheimer,Cheeky Nando's,aCaps,Starter,P. Nacua,WR - LAR,17.14,9.9
Cheeky Nando's vs Girthenheimer,Girthenheimer,Breadsticks310,Starter,Z. Flowers,WR - BAL,12.76,25.5
Cheeky Nando's vs Girthenheimer,Cheeky Nando's,aCaps,Starter,M. Evans,WR - SF,10.77,13.9
Cheeky Nando's vs Girthenheimer,Girthenheimer,Breadsticks310,Starter,D. Moore,WR - BUF,8.96,20.5
Cheeky Nando's vs Girthenheimer,Cheeky Nando's,aCaps,Starter,M. Nabers,WR - NYG,10.65,9.9
Cheeky Nando's vs Girthenheimer,Girthenheimer,Breadsticks310,Starter,M. Wilson,WR - ARI,8.48,8.1
Cheeky Nando's vs Girthenheimer,Cheeky Nando's,aCaps,Starter,C. Lamb,WR - DAL,13.06,12.9
Cheeky Nando's vs Girthenheimer,Girthenheimer,Breadsticks310,Starter,J. Croskey-Merritt,RB - WAS,8.8,11.1
Cheeky Nando's vs Girthenheimer,Cheeky Nando's,aCaps,Starter,LAR,DEF - LAR,7.78,0.3
Cheeky Nando's vs Girthenheimer,Girthenheimer,Breadsticks310,Starter,CHI,DEF - CHI,7.94,10.8
Cheeky Nando's vs Girthenheimer,Cheeky Nando's,aCaps,Bench,J. Brooks,RB - CAR,8.81,6.7
Cheeky Nando's vs Girthenheimer,Girthenheimer,Breadsticks310,Bench,J. Daniels,QB - WAS,18.47,21.66
Cheeky Nando's vs Girthenheimer,Cheeky Nando's,aCaps,Bench,T. Tracy,RB - NYG,5.61,-0.6
Cheeky Nando's vs Girthenheimer,Girthenheimer,Breadsticks310,Bench,R. White,RB - WAS,7.64,6.65
Cheeky Nando's vs Girthenheimer,Cheeky Nando's,aCaps,Bench,T. Henderson,RB - NE,0.0,
Cheeky Nando's vs Girthenheimer,Girthenheimer,Breadsticks310,Bench,K. Mitchell,RB - LAC,6.09,3.25
Cheeky Nando's vs Girthenheimer,Cheeky Nando's,aCaps,Bench,J. Jacobs,RB - GB,0.0,0.0
Cheeky Nando's vs Girthenheimer,Girthenheimer,Breadsticks310,Bench,S. Diggs,WR - WAS,7.97,13.5
Cheeky Nando's vs Girthenheimer,Cheeky Nando's,aCaps,Bench,D. Vele,WR - NO,7.88,16.4
Cheeky Nando's vs Girthenheimer,Girthenheimer,Breadsticks310,Bench,D. Wicks,WR - PHI,7.08,14.3
Cheeky Nando's vs Girthenheimer,Cheeky Nando's,aCaps,Bench,S. LaPorta,TE - DET,11.1,7.3
Cheeky Nando's vs Girthenheimer,Girthenheimer,Breadsticks310,Bench,K. Boutte,WR - HOU,7.54,2.6
"Be Safe, Get Jaxcinated vs Derrelick my Balls","Be Safe, Get Jaxcinated",jnally8,Starter,L. Jackson,QB - BAL,21.62,28.96
"Be Safe, Get Jaxcinated vs Derrelick my Balls",Derrelick my Balls,dlamas,Starter,B. Nix,QB - DEN,19.0,5.44
"Be Safe, Get Jaxcinated vs Derrelick my Balls","Be Safe, Get Jaxcinated",jnally8,Starter,C. McCaffrey,RB - SF,17.0,11.3
"Be Safe, Get Jaxcinated vs Derrelick my Balls",Derrelick my Balls,dlamas,Starter,D. Henry,RB - BAL,14.59,35.8
"Be Safe, Get Jaxcinated vs Derrelick my Balls","Be Safe, Get Jaxcinated",jnally8,Starter,B. Tuten,RB - JAX,9.63,9.3
"Be Safe, Get Jaxcinated vs Derrelick my Balls",Derrelick my Balls,dlamas,Starter,R. Harvey,RB - DEN,8.2,11.65
"Be Safe, Get Jaxcinated vs Derrelick my Balls","Be Safe, Get Jaxcinated",jnally8,Starter,J. Smith-Njigba,WR - SEA,16.22,24.2
"Be Safe, Get Jaxcinated vs Derrelick my Balls",Derrelick my Balls,dlamas,Starter,R. Rice,WR - KC,10.15,8.9
"Be Safe, Get Jaxcinated vs Derrelick my Balls","Be Safe, Get Jaxcinated",jnally8,Starter,C. Olave,WR - NO,13.08,24.2
"Be Safe, Get Jaxcinated vs Derrelick my Balls",Derrelick my Balls,dlamas,Starter,N. Collins,WR - HOU,13.62,17.7
"Be Safe, Get Jaxcinated vs Derrelick my Balls","Be Safe, Get Jaxcinated",jnally8,Starter,T. McBride,TE - ARI,10.97,20.0
"Be Safe, Get Jaxcinated vs Derrelick my Balls",Derrelick my Balls,dlamas,Starter,G. Wilson,WR - NYJ,12.32,10.9
"Be Safe, Get Jaxcinated vs Derrelick my Balls","Be Safe, Get Jaxcinated",jnally8,Starter,A. Jeanty,RB - LV,14.27,30.7
"Be Safe, Get Jaxcinated vs Derrelick my Balls",Derrelick my Balls,dlamas,Starter,T. McLaurin,WR - WAS,9.82,2.4
"Be Safe, Get Jaxcinated vs Derrelick my Balls","Be Safe, Get Jaxcinated",jnally8,Starter,HOU,DEF - HOU,7.79,2.4
"Be Safe, Get Jaxcinated vs Derrelick my Balls",Derrelick my Balls,dlamas,Starter,MIN,DEF - MIN,8.39,13.8
"Be Safe, Get Jaxcinated vs Derrelick my Balls","Be Safe, Get Jaxcinated",jnally8,Bench,B. Corum,RB - LAR,8.23,5.4
"Be Safe, Get Jaxcinated vs Derrelick my Balls",Derrelick my Balls,dlamas,Bench,P. Mahomes,QB - KC,16.57,25.66
"Be Safe, Get Jaxcinated vs Derrelick my Balls","Be Safe, Get Jaxcinated",jnally8,Bench,A. Jones,RB - MIN,7.81,10.0
"Be Safe, Get Jaxcinated vs Derrelick my Balls",Derrelick my Balls,dlamas,Bench,M. Lloyd,RB - GB,8.49,3.7
"Be Safe, Get Jaxcinated vs Derrelick my Balls","Be Safe, Get Jaxcinated",jnally8,Bench,J. Reed,WR - GB,10.38,3.5
"Be Safe, Get Jaxcinated vs Derrelick my Balls",Derrelick my Balls,dlamas,Bench,K. Monangai,RB - CHI,6.61,21.4
"Be Safe, Get Jaxcinated vs Derrelick my Balls","Be Safe, Get Jaxcinated",jnally8,Bench,X. Worthy,WR - KC,6.79,3.3
"Be Safe, Get Jaxcinated vs Derrelick my Balls",Derrelick my Balls,dlamas,Bench,K. Allen,WR - IND,6.61,6.2
"Be Safe, Get Jaxcinated vs Derrelick my Balls","Be Safe, Get Jaxcinated",jnally8,Bench,K. Shakir,WR - BUF,8.45,7.0
"Be Safe, Get Jaxcinated vs Derrelick my Balls",Derrelick my Balls,dlamas,Bench,B. Bowers,TE - LV,,
"Be Safe, Get Jaxcinated vs Derrelick my Balls","Be Safe, Get Jaxcinated",jnally8,Bench,T. Warren,TE - IND,11.04,8.8
"Be Safe, Get Jaxcinated vs Derrelick my Balls",Derrelick my Balls,dlamas,Bench,H. Fannin,TE - CLE,8.35,3.1
Eazy E Squad vs ScampDaddy,Eazy E Squad,espad,Starter,T. Lawrence,QB - JAX,21.13,34.1
Eazy E Squad vs ScampDaddy,ScampDaddy,marlos9,Starter,J. Hurts,QB - PHI,23.4,31.72
Eazy E Squad vs ScampDaddy,Eazy E Squad,espad,Starter,S. Barkley,RB - PHI,14.95,8.5
Eazy E Squad vs ScampDaddy,ScampDaddy,marlos9,Starter,C. Brown,RB - CIN,14.86,16.3
Eazy E Squad vs ScampDaddy,Eazy E Squad,espad,Starter,D. Montgomery,RB - HOU,14.05,27.4
Eazy E Squad vs ScampDaddy,ScampDaddy,marlos9,Starter,J. Price,RB - SEA,9.13,6.8
Eazy E Squad vs ScampDaddy,Eazy E Squad,espad,Starter,J. Jefferson,WR - MIN,14.21,27.2
Eazy E Squad vs ScampDaddy,ScampDaddy,marlos9,Starter,J. Chase,WR - CIN,16.93,2.2
Eazy E Squad vs ScampDaddy,Eazy E Squad,espad,Starter,G. Pickens,WR - DAL,12.95,4.3
Eazy E Squad vs ScampDaddy,ScampDaddy,marlos9,Starter,D. London,WR - ATL,11.67,4.5
Eazy E Squad vs ScampDaddy,Eazy E Squad,espad,Starter,C. Loveland,TE - CHI,11.18,0.0
Eazy E Squad vs ScampDaddy,ScampDaddy,marlos9,Starter,C. Skattebo,RB - NYG,13.75,13.1
Eazy E Squad vs ScampDaddy,Eazy E Squad,espad,Starter,J. Warren,RB - PIT,11.91,7.8
Eazy E Squad vs ScampDaddy,ScampDaddy,marlos9,Starter,J. Williams,RB - DAL,15.84,21.7
Eazy E Squad vs ScampDaddy,Eazy E Squad,espad,Starter,DET,DEF - DET,8.34,13.0
Eazy E Squad vs ScampDaddy,ScampDaddy,marlos9,Starter,DEN,DEF - DEN,8.1,3.9
Eazy E Squad vs ScampDaddy,Eazy E Squad,espad,Bench,D. Sampson,RB - CLE,4.87,3.2
Eazy E Squad vs ScampDaddy,ScampDaddy,marlos9,Bench,J. Dart,QB - NYG,21.06,31.6
Eazy E Squad vs ScampDaddy,Eazy E Squad,espad,Bench,M. Washington,RB - LV,6.25,4.1
Eazy E Squad vs ScampDaddy,ScampDaddy,marlos9,Bench,T. Bigsby,RB - PHI,4.95,2.8
Eazy E Squad vs ScampDaddy,Eazy E Squad,espad,Bench,M. Harrison,WR - ARI,8.1,3.8
Eazy E Squad vs ScampDaddy,ScampDaddy,marlos9,Bench,T. Tucker,WR - LV,9.08,3.7
Eazy E Squad vs ScampDaddy,Eazy E Squad,espad,Bench,J. Coker,WR - CAR,9.77,31.8
Eazy E Squad vs ScampDaddy,ScampDaddy,marlos9,Bench,C. Godwin,WR - TB,9.63,6.3
Eazy E Squad vs ScampDaddy,Eazy E Squad,espad,Bench,O. Cooper,WR - NYJ,3.66,3.5
Eazy E Squad vs ScampDaddy,ScampDaddy,marlos9,Bench,W. Robinson,WR - TEN,9.05,6.3
Eazy E Squad vs ScampDaddy,Eazy E Squad,espad,Bench,K. Concepcion,WR - CLE,7.79,6.3
Eazy E Squad vs ScampDaddy,ScampDaddy,marlos9,Bench,I. Likely,TE - NYG,8.39,22.8
RafiBomb vs Baker's Dozen,RafiBomb,TheRafiBombb,Starter,M. Stafford,QB - LAR,21.79,4.1
RafiBomb vs Baker's Dozen,Baker's Dozen,juicyjuicy100,Starter,D. Prescott,QB - DAL,20.08,18.4
RafiBomb vs Baker's Dozen,RafiBomb,TheRafiBombb,Starter,J. Cook,RB - BUF,15.01,7.4
RafiBomb vs Baker's Dozen,Baker's Dozen,juicyjuicy100,Starter,K. Walker,RB - KC,12.14,34.6
RafiBomb vs Baker's Dozen,RafiBomb,TheRafiBombb,Starter,K. Williams,RB - LAR,13.56,14.0
RafiBomb vs Baker's Dozen,Baker's Dozen,juicyjuicy100,Starter,B. Irving,RB - TB,13.34,16.8
RafiBomb vs Baker's Dozen,RafiBomb,TheRafiBombb,Starter,P. Washington,WR - JAX,10.98,16.55
RafiBomb vs Baker's Dozen,Baker's Dozen,juicyjuicy100,Starter,A. St. Brown,WR - DET,16.54,23.7
RafiBomb vs Baker's Dozen,RafiBomb,TheRafiBombb,Starter,E. Egbuka,WR - TB,10.99,8.8
RafiBomb vs Baker's Dozen,Baker's Dozen,juicyjuicy100,Starter,T. Higgins,WR - CIN,13.7,7.4
RafiBomb vs Baker's Dozen,RafiBomb,TheRafiBombb,Starter,C. Watson,WR - GB,10.7,31.7
RafiBomb vs Baker's Dozen,Baker's Dozen,juicyjuicy100,Starter,T. Pollard,RB - TEN,10.4,3.9
RafiBomb vs Baker's Dozen,RafiBomb,TheRafiBombb,Starter,J. Waddle,WR - DEN,11.68,0.7
RafiBomb vs Baker's Dozen,Baker's Dozen,juicyjuicy100,Starter,B. Thomas,WR - JAX,8.77,4.5
RafiBomb vs Baker's Dozen,RafiBomb,TheRafiBombb,Starter,BAL,DEF - BAL,8.43,10.2
RafiBomb vs Baker's Dozen,Baker's Dozen,juicyjuicy100,Starter,PIT,DEF - PIT,10.36,19.2
RafiBomb vs Baker's Dozen,RafiBomb,TheRafiBombb,Bench,C. Hubbard,RB - CAR,9.9,22.2
RafiBomb vs Baker's Dozen,Baker's Dozen,juicyjuicy100,Bench,J. Goff,QB - DET,22.42,19.44
RafiBomb vs Baker's Dozen,RafiBomb,TheRafiBombb,Bench,B. Robinson,RB - ATL,4.22,6.3
RafiBomb vs Baker's Dozen,Baker's Dozen,juicyjuicy100,Bench,K. Black,RB - SF,2.82,7.5
RafiBomb vs Baker's Dozen,RafiBomb,TheRafiBombb,Bench,M. Washington,WR - MIA,7.08,8.45
RafiBomb vs Baker's Dozen,Baker's Dozen,juicyjuicy100,Bench,T. Spears,RB - TEN,8.19,3.4
RafiBomb vs Baker's Dozen,RafiBomb,TheRafiBombb,Bench,M. Golden,WR - GB,7.5,12.5
RafiBomb vs Baker's Dozen,Baker's Dozen,juicyjuicy100,Bench,A. Williams,WR - WAS,2.15,14.4
RafiBomb vs Baker's Dozen,RafiBomb,TheRafiBombb,Bench,C. Kupp,WR - SEA,6.49,4.5
RafiBomb vs Baker's Dozen,Baker's Dozen,juicyjuicy100,Bench,R. Shaheed,WR - SEA,8.14,5.35
RafiBomb vs Baker's Dozen,RafiBomb,TheRafiBombb,Bench,A. Pierce,WR - IND,7.94,8.1
RafiBomb vs Baker's Dozen,Baker's Dozen,juicyjuicy100,Bench,J. Addison,WR - MIN,9.74,0.0
Amateur Hour vs City of Champyinz,Amateur Hour,cjgordon819,Starter,D. Maye,QB - NE,21.95,11.82
Amateur Hour vs City of Champyinz,City of Champyinz,danglish9,Starter,J. Herbert,QB - LAC,19.36,15.26
Amateur Hour vs City of Champyinz,Amateur Hour,cjgordon819,Starter,D. Achane,RB - MIA,14.74,8.6
Amateur Hour vs City of Champyinz,City of Champyinz,danglish9,Starter,B. Robinson,RB - ATL,17.12,25.3
Amateur Hour vs City of Champyinz,Amateur Hour,cjgordon819,Starter,T. Etienne,RB - NO,14.02,11.3
Amateur Hour vs City of Champyinz,City of Champyinz,danglish9,Starter,J. Love,RB - ARI,10.38,12.0
Amateur Hour vs City of Champyinz,Amateur Hour,cjgordon819,Starter,A. Brown,WR - NE,14.12,4.1
Amateur Hour vs City of Champyinz,City of Champyinz,danglish9,Starter,D. Smith,WR - PHI,12.98,6.8
Amateur Hour vs City of Champyinz,Amateur Hour,cjgordon819,Starter,T. McMillan,WR - CAR,12.54,8.0
Amateur Hour vs City of Champyinz,City of Champyinz,danglish9,Starter,J. Williams,WR - DET,11.99,6.5
Amateur Hour vs City of Champyinz,Amateur Hour,cjgordon819,Starter,K. Gainwell,RB - TB,10.83,3.4
Amateur Hour vs City of Champyinz,City of Champyinz,danglish9,Starter,J. Dobbins,RB - DEN,9.09,3.6
Amateur Hour vs City of Champyinz,Amateur Hour,cjgordon819,Starter,R. Odunze,WR - CHI,9.26,6.2
Amateur Hour vs City of Champyinz,City of Champyinz,danglish9,Starter,R. Doubs,WR - NE,8.74,0.0
Amateur Hour vs City of Champyinz,Amateur Hour,cjgordon819,Starter,PHI,DEF - PHI,9.33,6.3
Amateur Hour vs City of Champyinz,City of Champyinz,danglish9,Starter,JAX,DEF - JAX,10.38,15.0
Amateur Hour vs City of Champyinz,Amateur Hour,cjgordon819,Bench,E. Johnson,RB - KC,2.91,7.8
Amateur Hour vs City of Champyinz,City of Champyinz,danglish9,Bench,B. Allen,RB - NYJ,4.17,4.0
Amateur Hour vs City of Champyinz,Amateur Hour,cjgordon819,Bench,J. Coleman,RB - DEN,2.28,1.35
Amateur Hour vs City of Champyinz,City of Champyinz,danglish9,Bench,T. Allgeier,RB - ARI,8.04,8.0
Amateur Hour vs City of Champyinz,Amateur Hour,cjgordon819,Bench,A. Kamara,RB - NO,0.0,
Amateur Hour vs City of Champyinz,City of Champyinz,danglish9,Bench,T. Hurst,WR - TB,4.28,5.1
Amateur Hour vs City of Champyinz,Amateur Hour,cjgordon819,Bench,C. Tate,WR - TEN,8.87,5.8
Amateur Hour vs City of Champyinz,City of Champyinz,danglish9,Bench,M. Pittman,WR - PIT,8.27,7.3
Amateur Hour vs City of Champyinz,Amateur Hour,cjgordon819,Bench,D. Stribling,WR - SF,5.68,0.0
Amateur Hour vs City of Champyinz,City of Champyinz,danglish9,Bench,J. Nailor,WR - LV,8.03,4.2
Amateur Hour vs City of Champyinz,Amateur Hour,cjgordon819,Bench,T. Kraft,TE - GB,8.71,8.0
Amateur Hour vs City of Champyinz,City of Champyinz,danglish9,Bench,Q. Johnston,WR - LAC,9.27,2.7
